epoch,train_loss,val_loss,mean_auc,lr,img_size
1,0.06650025793298116,0.06127436034914803,0.6883832794545128,2.9979511544580877e-05,224
2,0.06396295175296272,0.06068779007632793,0.7299848347496781,2.9918102335755684e-05,224
3,0.0627491659679567,0.060110710389206644,0.7533967421047962,2.9815940691897307e-05,224
4,0.06201630579980494,0.059958248521797104,0.7589507157055363,2.9673306630970393e-05,224
5,0.061294582263768396,0.05968332402494157,0.7625331113816846,2.949059110302157e-05,224
6,0.06070293119184304,0.059950411207887924,0.762978087023659,2.9268294918612546e-05,224
7,0.06007274637076678,0.05996013252068887,0.7674030134284526,2.9007027376133165e-05,224
8,0.05951084787798019,0.059858874845862664,0.7680533621045917,2.8707504591756882e-05,224
9,0.058986056146314615,0.05963864968982084,0.7662157882895507,2.8370547536616098e-05,224
10,0.058480150584740556,0.059820556509852685,0.7634618918179719,2.799707978657736e-05,224
11,0.057846179657647594,0.059911984262028685,0.759154758177798,2.7588124990784088e-05,224
12,0.057523496160744036,0.05997240109752012,0.7606630730514155,2.7144804065905464e-05,224
13,0.05702966455540163,0.05994370221816365,0.7548989854543576,2.6668332123781716e-05,224
14,0.056621546730994045,0.060346960324544556,0.7523281057439473,2.6160015140887046e-05,224
15,0.05630481407230458,0.060057920031679694,0.7619900502604795,2.562124637873889e-05,224
16,0.07888938373676858,0.059836649127287346,0.806972374529367,2.505350256506493e-05,224
17,0.07791989688289103,0.06006382866902384,0.806613039885385,2.4458339846195072e-05,224
18,0.07731616541777071,0.05942769338297238,0.8097311734347021,2.3837389521772475e-05,224
19,0.07682558128285956,0.05955023535335862,0.810068707076295,2.3192353573474658e-05,224
20,0.0764965321617131,0.06019372578202715,0.8021452331536681,2.2525000000000002e-05,224
21,0.07582702072207283,0.061649410479958006,0.7976600554373096,2.1837157971106226e-05,256
22,0.07550419183691227,0.06144409749751553,0.8024737324233365,2.1130712813983216e-05,256
23,0.07507870216896062,0.06218362487766539,0.8026219535810658,2.0407600845702242e-05,256
24,0.07468781837345448,0.06384711836488363,0.7958582525642094,1.9669804065905465e-05,256
25,0.07438614988332248,0.06223120908607787,0.797095246196486,1.8919344724282685e-05,256
26,0.07400733906360597,0.06299851700560326,0.7942638959142135,1.81582797777255e-05,256
27,0.0736422365518461,0.06376372835239692,0.7936251924896645,1.7388695252351452e-05,256
28,0.07338313075985789,0.06322585282886001,0.7909598008246802,1.661270052585142e-05,256
29,0.07315197168902114,0.06383084486008517,0.7933744733953361,1.583242254583201e-05,256
