epoch,train_loss,val_loss,mean_auc,lr,auc_Atelectasis,auc_Cardiomegaly,auc_Effusion,auc_Infiltration,auc_Mass,auc_Nodule,auc_Pneumonia,auc_Pneumothorax,auc_Consolidation,auc_Edema,auc_Emphysema,auc_Fibrosis,auc_Pleural Thickening,auc_Hernia
16,0.028930225288835158,0.0,0.8051506403689308,1.3487299474148587e-05,,,,,,,,,,,,,,
17,0.028998966250089818,0.02921261046486143,0.8051506403689308,1.19417202222745e-05,,,,,,,,,,,,,,
18,0.028622895115976172,0.0,0.8137968664371996,1.0430195934094541e-05,0.8015733135140874,0.9121139912537854,0.873442009017543,0.6836972452607419,0.8119402648961259,0.7051633964412869,0.7542344258193645,0.8549583657304518,0.7968179149696769,0.914068755671809,0.8960485084626961,0.7689680445617122,0.7711013366230405,0.8490285578984754
19,0.028438427816930817,0.029485933480496083,0.8137968664371996,8.969287186016792e-06,,,,,,,,,,,,,,
20,0.028329215181796603,0.0,0.8137968664371996,7.575000000000007e-06,,,,,,,,,,,,,,
21,0.02817398956074147,0.029237829333743377,0.8110225412445311,6.262610478227532e-06,0.8024258467418897,0.9100183423072579,0.8743564813559997,0.6823044433333951,0.8086791459631044,0.7047038154543226,0.7405575014594278,0.8529725194753468,0.7956188836297495,0.9116425559173651,0.8960047003525264,0.7795661096452653,0.7696539428018462,0.8258112889859381
22,0.028017004682386614,0.0,0.8137968664371996,5.0464974349350775e-06,,,,,,,,,,,,,,
23,0.027909971489014637,0.02920648518424937,0.8137968664371996,3.93998485911296e-06,,,,,,,,,,,,,,
24,0.0278342791416785,0.0,0.8120846404949793,2.955195934094539e-06,0.8028439089601652,0.9129402019267491,0.8737652885991303,0.682012624103022,0.8054114588147092,0.7090183650021379,0.7093757818363773,0.8545784278622987,0.7949433637874189,0.9134775529813699,0.8966244562640444,0.7711418938727646,0.7681618098470834,0.8748898330724405
25,0.02774697557595606,0.029433052059839423,0.8137968664371996,2.1029202134226425e-06,,,,,,,,,,,,,,
26,0.02770212651882255,0.0,0.8137968664371996,1.3924954082431163e-06,,,,,,,,,,,,,,
