epoch,train_loss,mean_auc,lr,auc_Atelectasis,auc_Cardiomegaly,auc_Effusion,auc_Infiltration,auc_Mass,auc_Nodule,auc_Pneumonia,auc_Pneumothorax,auc_Consolidation,auc_Edema,auc_Emphysema,auc_Fibrosis,auc_Pleural Thickening,auc_Hernia
1,0.20835804800320284,0.9692706732347641,0.00029979511544580873,0.9722411513180119,0.9836253220661721,0.9712474607321292,0.9927800837504053,0.9618503976350671,0.9314592101610357,0.9567029438745727,0.9886583602926793,0.9830071706005378,0.9795507927187317,0.992924990207599,0.9610128994429787,0.9281141543848079,0.9666144881019719
2,0.18000490934710794,0.9681309617503321,0.0002991810233575568,0.9743841877165719,0.9755568584630115,0.9718984214087761,0.9924056888702202,0.9597204192210377,0.928996358610963,0.9542969727295472,0.9906646864700454,0.9827726059996121,0.9761717290343245,0.991353052136805,0.9558648490178833,0.9092450105509792,0.9905026242748715
3,0.17778104021426566,0.972518974022656,0.00029815940691897306,0.9751095528121771,0.9858005798535843,0.9706926383760548,0.9935097097278944,0.9670561774769326,0.9335725126800177,0.9638478859144358,0.9892452159960903,0.9842363415260589,0.9789996263278706,0.9931891273424455,0.9639138082673703,0.9246427290208674,0.9914497309953829
4,0.1761739804047097,0.9645323696423435,0.0002967330663097039,0.9745543082729264,0.9783786691338235,0.9723575687614859,0.9919646102577341,0.9577940554835919,0.9283900683495003,0.960462013176549,0.9858504923302692,0.9840633665130858,0.9787634121603588,0.9898416723359516,0.941562591615362,0.9129161050110315,0.9465542415911393
5,0.17515543553606874,0.9663136811367626,0.00029490591103021566,0.9753419302529849,0.9746047797578387,0.9709514010364869,0.9937887531030135,0.9584752732494883,0.929600217226992,0.9578246184638479,0.9823851482428579,0.9810402350363508,0.9804355949394117,0.9933373018327252,0.9472911169744942,0.9176609386767324,0.9656542271214532
6,0.17431316824204668,0.9570664643768262,0.0002926829491861254,0.9703123944287327,0.9728221871991135,0.966352051116861,0.9929424305939978,0.9521960593522708,0.9314904162774346,0.9501876407305481,0.983713518372962,0.981479879860991,0.9615184433886724,0.9904021584513575,0.9120653767223689,0.8881828206698111,0.9452651241104432
7,0.17393036014205773,0.9708178114506624,0.0002900702737613316,0.9757367064660291,0.9801343668138713,0.9745307581236301,0.9939040474065248,0.970177721833264,0.9278696962266941,0.9604766074555917,0.977997501449484,0.9816751319589683,0.9785605615758288,0.9866024491310533,0.9638038698328935,0.9297272487007011,0.9902526933347364
8,0.17345016385006368,0.9626755724564691,0.00028707504591756876,0.9758674941845313,0.9650258997681662,0.9714932505107494,0.9925141278367656,0.961506973802673,0.9312322565872261,0.9472041531148361,0.988722624876326,0.9849944176245814,0.9778452463566968,0.9940962129177232,0.946364702433304,0.9183717937989905,0.9222188605779982
9,0.1726373627638127,0.9702170263890707,0.0002837054753661609,0.9753397585012017,0.9828668864874751,0.9720089225627834,0.9933581132990889,0.9654572861916877,0.9278364637391006,0.9621883078975899,0.9902331956941316,0.9824181382646937,0.9783750600544493,0.9890518378790689,0.9601421870419232,0.9257429803056676,0.9780192315281304
10,0.17237384938350445,0.9643768100061346,0.00027997079786577355,0.9754107023927878,0.9684878085514956,0.9712490823423559,0.9932080749014117,0.9684613064086547,0.9276670591072214,0.9491743807855892,0.9836570220356902,0.9841013685992694,0.9799791811242194,0.9875778238192426,0.9383172090296102,0.918577262412417,0.9554070585759197
11,0.17182546298220228,0.9682499911158615,0.00027588124990784085,0.9752705037498913,0.9743853175478326,0.9732237402810529,0.9926950152507876,0.9676355879045375,0.9278871230189688,0.9504399132682846,0.9905658178798196,0.981930663228133,0.9763038488229329,0.9926054486981261,0.9409249486953972,0.9198796683007496,0.9917522789755462
12,0.17131165934912262,0.9691211522363258,0.0002714480406590546,0.9750526046543054,0.9703682984686055,0.9736613433836102,0.9928023635955432,0.9707165500730245,0.9320687426164098,0.954532566091235,0.9884168384508422,0.9777255358294151,0.9798243740991833,0.9842471189725195,0.9452081501026092,0.9302144081551156,0.992857236816143
13,0.1711179441098615,0.9671619328671657,0.00026668332123781714,0.974855457853537,0.9742691316719471,0.9714207413677635,0.9923189065363613,0.9712335624545797,0.9327196130441566,0.9619454173963806,0.9850644870379749,0.9839401873371807,0.9786406341749854,0.9864658709052302,0.9384960422163587,0.9017487201708039,0.9871482879730601
14,0.17060667750728092,0.9692918610582615,0.00026160015140887043,0.9747145352933796,0.9719690816474726,0.9726172580563334,0.9937937388026249,0.9717796626470753,0.932336223614114,0.9581978150279377,0.9891576466733191,0.9832908758301491,0.9612221747717932,0.9938758838930464,0.9482629727352682,0.9256294754667991,0.9932387103563489
15,0.17045752766431335,0.9707133704040326,0.0002562124637873889,0.9753788500333002,0.9703639952880173,0.9733196469430215,0.9931792513255338,0.968242209510119,0.9336505279710148,0.9644087232090734,0.9895227542529383,0.9801832224720749,0.9690439331660705,0.9923258498773373,0.9535590735854588,0.9330048044858437,0.9938043435366544
